{"cameraMode":{"drawMode":0,"name":"Shaded","section":"Shading Mode"},"sceneLighting":false,"audioPlay":false,"sceneViewState":{"m_AlwaysRefresh":false,"showFog":true,"showSkybox":false,"showFlares":true,"showImageEffects":true,"showParticleSystems":true,"showVisualEffectGraphs":true,"m_FxEnabled":true},"in2DMode":false,"pivot":{"x":23.17058753967285,"y":-39.58820724487305,"z":93.28044891357422},"rotation":{"x":-0.31576767563819888,"y":0.012000112794339657,"z":-0.004072992131114006,"w":-0.9487081170082092},"size":12.261361122131348,"orthographic":false}