{"cameraMode":{"drawMode":0,"name":"Shaded","section":"Shading Mode"},"sceneLighting":false,"audioPlay":false,"sceneViewState":{"m_AlwaysRefresh":false,"showFog":true,"showSkybox":false,"showFlares":true,"showImageEffects":true,"showParticleSystems":true,"showVisualEffectGraphs":true,"m_FxEnabled":true},"in2DMode":false,"pivot":{"x":31.208927154541017,"y":-25.680688858032228,"z":46.797584533691409},"rotation":{"x":0.032132916152477267,"y":0.9638097882270813,"z":-0.22699394822120667,"w":0.13623467087745667},"size":1.440988302230835,"orthographic":false}