{"cameraMode":{"drawMode":0,"name":"Shaded","section":"Shading Mode"},"sceneLighting":false,"audioPlay":false,"sceneViewState":{"showFog":true,"showMaterialUpdate":false,"showSkybox":true,"showFlares":true,"showImageEffects":true,"showParticleSystems":true},"in2DMode":false,"pivot":{"x":-1.8449821472167969,"y":-3.0730819702148439,"z":2.152456283569336},"rotation":{"x":-0.18323174118995667,"y":0.7930157780647278,"z":-0.28795501589775088,"w":-0.5046127438545227},"size":52.97439956665039,"orthographic":false}